,,,wmc,dit,noc,cbo,rfc,lcom,ca,ce,npm,lcom3,loc,dam,moa,mfa,cam,ic,cbm,amc,max_cc,avg_cc,bug
data_prop,6,,2,2,0,5,9,1,1,4,1,2,49,0,0,0.909090909,0.75,1,1,23.5,1,0.5,1
data_prop,7,,3,1,0,1,3,3,1,0,3,2,3,0,0,0,1,0,0,0,1,1,0
data_prop,8,,13,2,0,8,17,78,0,8,13,2,49,0,0,0.586206897,1,1,3,2.769230769,1,0.9231,0
data_prop,9,,2,2,0,5,7,1,1,4,1,2,17,0,0,0.909090909,0.75,1,2,7.5,1,0.5,0
data_prop,10,,23,1,0,10,23,253,2,8,23,2,23,0,0,0,0.255434783,0,0,0,1,1,0
data_prop,11,,13,1,0,3,18,26,3,0,13,0.75,134,1,0,0,0.512820513,0,0,8.923076923,1,0.8462,0
data_prop,12,,12,1,0,8,45,0,4,5,10,0.651515152,234,1,1,0,0.309090909,0,0,18,3,1.5833,1
data_prop,13,,29,1,0,23,48,274,22,1,23,0.876984127,459,1,0,0,0.310344828,0,0,14.51724138,3,1.1724,0
data_prop,14,,3,2,0,8,14,3,1,7,3,2,55,0,0,0.75,0.555555556,0,0,17.33333333,2,1,0
data_prop,15,,13,2,0,8,17,78,0,8,13,2,49,0,0,0.586206897,1,1,3,2.769230769,1,0.9231,0
data_prop,16,,2,2,0,7,6,1,6,1,2,2,16,0,0,0.923076923,1,0,0,7,1,0.5,0
data_prop,17,,5,1,0,16,53,8,1,15,2,1.232758621,364,1,0,0,0.52,0,0,66,8,3.2,0
data_prop,18,,27,1,0,59,45,221,55,5,27,0.91958042,333,0.727272727,3,0,0.162962963,1,1,10.92592593,7,1.2963,0
data_prop,19,,3,1,15,17,5,1,15,2,3,0.5,17,1,0,0,0.666666667,0,0,4.333333333,1,0.6667,0
data_prop,20,,20,1,0,23,94,126,0,23,11,0.885964912,771,1,5,0,0.20242915,0,0,37.25,9,2.5,1
data_prop,21,,7,1,0,25,41,3,16,9,3,0.666666667,261,1,1,0,0.333333333,0,0,35.71428571,4,1.5714,0
data_prop,22,,2,2,0,5,9,1,1,4,1,2,69,1,0,0.909090909,0.75,2,2,32,7,3.5,0
data_prop,23,,1,1,0,4,1,0,2,2,1,2,1,0,0,0,1,0,0,0,1,1,0
data_prop,24,,2,1,0,3,7,1,2,1,1,2,32,0,0,0,0.5,0,0,15,2,1,0
data_prop,25,,3,2,0,8,14,3,1,7,3,2,55,0,0,0.75,0.555555556,0,0,17.33333333,2,1,0
data_prop,26,,10,1,0,6,18,21,3,3,10,0.666666667,174,1,0,0,0.533333333,0,0,16,19,2.7,0
data_prop,27,,5,1,0,8,5,10,3,5,5,2,5,0,0,0,0.433333333,0,0,0,1,1,0
data_prop,28,,2,1,0,4,14,0,1,3,2,0,78,1,0,0,0.666666667,0,0,37.5,3,1.5,0
data_prop,29,,9,1,0,18,17,16,16,2,9,525,112,1,1,0,0.472222222,0,0,10.88888889,2,0.7778,0
data_prop,30,,6,2,0,10,9,9,10,0,4,0.857142857,91,0.428571429,5,0.764705882,0.4,1,1,13,1,0.6667,0
data_prop,31,,16,1,0,15,50,68,0,15,12,0.816666667,365,1,7,0,0.2,0,0,21.3125,4,1.4375,0
data_prop,32,,6,2,0,11,43,1,0,11,2,1,243,1,1,0.75,0.44,2,2,37.83333333,4,1.8333,0
data_prop,33,,5,2,0,31,8,6,30,1,3,875,79,0.333333333,5,0.8125,0.416666667,1,1,13.6,1,0.6,0
data_prop,34,,10,1,0,1,14,21,0,1,10,0.740740741,109,1,1,0,0.32,1,1,9.6,7,1.5,0
data_prop,35,,1,1,0,0,2,0,0,0,1,2,7,0,0,0,1,0,0,3,0,0,0
data_prop,36,,2,1,0,2,2,1,2,0,2,2,2,0,0,0,875,0,0,0,1,1,0
data_prop,37,,14,2,0,7,17,91,0,7,14,2,54,0,0,0.566666667,1,1,4,2.857142857,1,0.9286,0
data_prop,38,,16,1,0,5,41,0,2,4,14,775,254,0.75,1,0,0.257142857,0,0,14375,3,1.5625,1
data_prop,39,,11,1,0,12,11,55,7,5,11,2,11,0,0,0,0.337662338,0,0,0,1,1,0
data_prop,40,,7,1,15,20,10,11,15,5,5,0.777777778,39,1,2,0,0.476190476,0,0,4.142857143,1,0.8571,0
data_prop,41,,13,2,0,8,17,78,0,8,13,2,49,0,0,0.586206897,1,1,3,2.769230769,1,0.9231,0
data_prop,42,,2,2,0,5,7,1,1,4,1,2,17,0,0,0.909090909,0.75,1,2,7.5,1,0.5,0
data_prop,43,,12,1,0,15,42,16,0,15,10,0.757575758,354,1,5,0,0.242424242,0,0,28,4,1.5,0
data_prop,44,,2,2,0,5,7,1,1,4,1,2,17,0,0,0.909090909,0.75,1,2,7.5,1,0.5,0
data_prop,45,,8,1,0,17,60,10,1,16,2,0.732142857,495,1,3,0,0.2875,0,0,59875,3,1.25,0
data_prop,46,,2,1,0,0,10,1,0,0,2,2,45,0,0,0,0.5,0,0,21.5,4,2,0
data_prop,47,,21,1,6,39,76,182,8,31,4,0.95625,495,1,4,0,0.111111111,0,0,21.80952381,2,1.0952,0
data_prop,48,,5,4,2,11,8,8,11,0,4,1,26,1,0,0.894736842,0.6,0,0,3.8,1,0.4,0
data_prop,49,,2,4,0,15,43,0,1,14,2,0.666666667,402,1,0,0.996168582,0.555555556,2,3,198.5,17,8.5,0
data_prop,50,,2,2,0,5,9,1,1,4,1,2,29,0,0,0.909090909,0.75,1,2,13.5,1,0.5,0
data_prop,51,,2,1,0,3,9,1,0,3,1,1,26,0,1,0,1,0,0,11.5,0,0,0
data_prop,52,,13,2,0,8,17,78,0,8,13,2,49,0,0,0.586206897,1,1,3,2.769230769,1,0.9231,0
data_prop,53,,4,1,0,0,8,0,0,0,4,0.333333333,23,1,0,0,625,0,0,4.5,1,0.75,0
data_prop,54,,3,2,0,8,14,3,1,7,3,2,54,0,0,0.75,0.555555556,0,0,17,2,1,0
data_prop,55,,13,2,0,9,19,78,0,9,13,2,57,0,0,0.586206897,1,1,3,3.384615385,1,0.9231,0
data_prop,56,,16,1,0,20,65,88,0,20,9,0.857142857,367,1,6,0,0.158974359,0,0,21.5,5,1.4375,0
data_prop,57,,13,2,0,8,17,78,0,8,13,2,49,0,0,0.586206897,1,1,3,2.769230769,1,0.9231,0
data_prop,58,,1,1,0,0,2,0,0,0,1,2,77,0,0,0,1,0,0,3,0,0,0
data_prop,59,,3,5,0,16,6,3,15,1,2,1.5,16,1,0,1,0.666666667,0,0,4,0,0,0
data_prop,60,,7,2,0,7,17,21,1,7,7,2,73,0,0,0.25,0.428571429,0,0,9.428571429,2,1,0
data_prop,61,,29,1,0,14,46,260,10,4,28,0.89010989,443,1,3,0,0.183908046,1,1,13.82758621,8,1.4138,0
data_prop,62,,3,2,0,9,14,3,2,7,3,2,67,0,0,0.75,0.555555556,0,0,21.33333333,3,1.3333,0
data_prop,63,,4,1,0,9,28,4,1,9,2,1.274509804,223,1,0,0,0.5,0,0,50.5,5,1.75,0
data_prop,64,,3,2,0,8,15,3,1,7,3,2,63,0,0,0.75,0.5,0,0,20,2,1,0
data_prop,65,,11,1,0,8,11,55,3,5,11,2,11,0,0,0,0.348484848,0,0,0,1,1,0
data_prop,66,,1,1,0,0,2,0,0,0,1,2,38,0,0,0,1,0,0,3,0,0,1
data_prop,67,,11,1,0,2,12,31,2,0,10,0.86,64,1,0,0,0.681818182,0,0,4.363636364,1,0.8182,0
data_prop,68,,6,2,0,32,14,11,31,1,4,0.857142857,129,0.285714286,6,0.764705882,0.4,1,1,19.33333333,3,1,1
data_prop,69,,18,1,0,21,35,95,17,5,17,0.909090909,235,1,3,0,0.180555556,1,1,11.44444444,7,1.3889,0
data_prop,70,,13,2,0,8,17,78,0,8,13,2,49,0,0,0.586206897,1,1,3,2.769230769,1,0.9231,0
data_prop,71,,3,2,0,7,14,3,1,6,3,2,46,0,0,0.75,0.5,0,0,14.33333333,1,0.6667,0
data_prop,72,,7,2,0,13,39,9,0,13,1,1.0625,366,1,4,0.705882353,0.533333333,1,1,47.85714286,4,1.5714,0
data_prop,73,,11,1,0,18,49,51,1,17,4,1.076923077,350,1,1,0,0.4,0,0,28.45454545,3,1.4545,1
data_prop,74,,37,1,0,40,60,492,38,6,25,0.840277778,441,1,2,0,0.148648649,1,1,10.7027027,7,1.4865,1
data_prop,75,,10,1,0,3,14,0,3,0,9,0.694444444,164,1,0,0,0.5,1,1,15,13,2.3,1
data_prop,76,,24,4,0,13,49,276,0,13,24,1.043478261,189,1,0,0.629032258,0.25,0,0,6.833333333,1,0.9583,0
data_prop,77,,4,1,0,6,15,0,1,5,3,0.666666667,68,1,1,0,0.555555556,0,0,15.25,3,1,0
data_prop,78,,2,2,0,4,10,1,0,4,2,2,30,0,0,0.666666667,0.75,0,0,14,2,1,0
data_prop,79,,6,2,0,4,14,11,3,1,4,875,141,0.25,7,0.764705882,0.4,1,1,21.16666667,3,1,0
data_prop,80,,3,2,0,8,14,3,1,7,3,2,52,0,0,0.75,0.555555556,0,0,16.33333333,2,1,0
data_prop,81,,2,2,0,5,13,1,1,4,1,2,76,0,0,0.909090909,0.75,2,2,37,5,2.5,0
data_prop,82,,5,1,0,8,5,10,7,1,5,2,5,0,0,0,0.44,0,0,0,1,1,0
data_prop,83,,13,2,0,9,19,78,0,9,13,2,81,0,0,0.586206897,1,1,3,5.230769231,1,0.9231,1
data_prop,84,,4,2,0,7,25,2,1,7,1,1.142857143,91,1,1,0.857142857,0.416666667,1,1,20,1,0.5,0
data_prop,85,,3,2,0,8,14,3,1,7,3,2,103,0,0,0.75,0.555555556,0,0,33.33333333,5,2,0
data_prop,86,,4,1,0,28,4,6,25,3,4,2,4,0,0,0,0.7,0,0,0,1,1,0
data_prop,87,,2,2,0,8,12,1,0,8,2,1,59,1,0,0.833333333,1,0,0,25,1,0.5,0
data_prop,88,,3,1,0,5,17,0,0,5,3,0.5,94,1,0,0,0.666666667,0,0,29.66666667,1,0.6667,0
data_prop,89,,6,1,0,9,6,15,7,2,6,2,6,0,0,0,0.466666667,0,0,0,1,1,0
data_prop,90,,5,1,0,7,5,10,5,2,5,2,5,0,0,0,0.44,0,0,0,1,1,0
data_prop,91,,4,1,0,4,5,0,4,0,3,0.833333333,22,1,0,0,0.75,0,0,4,1,0.5,0
data_prop,92,,6,2,0,2,14,11,1,1,4,0.666666667,81,0.666666667,2,0.764705882,0.4,1,1,12,3,1,0
data_prop,93,,1,1,0,3,1,0,2,1,1,2,1,0,0,0,1,0,0,0,1,1,0
data_prop,94,,3,1,0,2,13,3,2,0,1,2,90,0,0,0,0.444444444,0,0,29,6,2.6667,0
data_prop,95,,12,2,0,12,25,66,6,12,12,2,110,0,0,0.153846154,0.297619048,0,0,8.166666667,1,0.9167,1
data_prop,96,,9,2,0,10,20,36,4,10,9,2,77,0,0,0.2,0.301587302,0,0,7.555555556,1,0.8889,0
data_prop,97,,3,2,0,8,14,3,1,7,3,2,55,0,0,0.75,0.555555556,0,0,17.33333333,2,1,0
data_prop,98,,38,1,0,27,62,457,25,6,28,0.844594595,454,1,2,0,0.15,1,1,10.73684211,7,1.4737,0
data_prop,99,,9,1,0,3,13,4,3,0,9,625,90,1,0,0,0.722222222,0,0,8.666666667,1,0.7778,0
data_prop,100,,1,1,0,0,2,0,0,0,1,2,32,0,0,0,1,0,0,3,0,0,0
data_prop,101,,9,1,0,7,16,6,7,0,8,0.708333333,104,1,0,0,0.311111111,1,1,10.22222222,5,1.2222,0
data_prop,102,,14,2,0,8,19,91,0,8,14,2,86,0,0,0.566666667,1,1,4,5.142857143,1,0.9286,0
data_prop,103,,12,1,0,36,16,40,36,0,10,0.818181818,119,0.75,0,0,0.3,1,1,8.583333333,7,1.4167,0
data_prop,104,,13,2,0,9,19,78,0,9,13,2,81,0,0,0.586206897,1,1,3,5.230769231,1,0.9231,1
data_prop,105,,12,1,0,17,50,18,12,7,7,0.727272727,253,1,0,0,0.327272727,0,0,19.75,5,1.5833,0
data_prop,106,,4,1,0,8,21,0,1,7,2,1,168,1,1,0,0.4,0,0,39,3,1.5,0
data_prop,107,,6,1,0,2,7,3,2,0,5,0.8,35,1,0,0,0.555555556,0,0,4.333333333,1,0.6667,0
data_prop,108,,4,2,0,3,8,6,0,3,4,2,22,0,0,0.4,1,0,0,4.5,1,0.75,0
data_prop,109,,11,1,0,13,33,13,0,13,4,1,226,0.9,1,0,425,0,0,18.63636364,1,0.8182,0
data_prop,110,,6,2,0,18,41,7,1,17,2,0.666666667,216,1,0,0.791666667,0.366666667,1,3,34.5,5,2.3333,0
data_prop,111,,12,1,0,6,34,36,5,1,7,0.727272727,342,1,0,0,0.464285714,0,0,27.16666667,4,1.8333,0
data_prop,112,,35,1,0,34,141,383,0,34,32,0.892156863,684,1,8,0,0.111111111,0,0,18.28571429,6,1.3714,1
data_prop,113,,5,2,0,10,42,2,0,10,1,1125,262,1,1,0.8,0.5625,1,1,49,6,1.6,1
data_prop,114,,7,2,0,11,17,21,4,11,7,2,80,0,0,0.25,0.30952381,0,0,10.42857143,1,0.8571,0
data_prop,115,,11,1,0,9,11,55,7,2,11,2,11,0,0,0,0.311688312,0,0,0,1,1,1
data_prop,116,,6,1,0,7,33,11,1,6,3,1.085714286,169,1,0,0,0.6,0,0,26,5,1.6667,0
data_prop,117,,9,1,0,21,43,20,0,21,8,0.854166667,252,1,5,0,0.204545455,0,0,26.33333333,5,1.5556,0
data_prop,118,,13,2,0,8,17,78,0,8,13,2,49,0,0,0.586206897,1,1,3,2.769230769,1,0.9231,0
data_prop,119,,2,3,0,3,19,1,0,3,2,2,91,1,0,0.961538462,1,1,2,44,5,2.5,0
data_prop,120,,4,2,0,5,9,6,0,5,4,2,38,0,0,0.4,0.4,0,0,8.5,1,0.75,0
data_prop,121,,3,5,0,9,6,3,8,1,2,1.5,16,1,0,1,0.666666667,0,0,4,0,0,0
data_prop,122,,5,1,0,11,37,0,1,10,2,0.5,234,1,2,0,0.366666667,0,0,45,4,2.2,0
data_prop,123,,16,1,0,22,27,76,21,2,15,0.783333333,171,1,2,0,0.260416667,1,1,9.4375,7,1.4375,0
data_prop,124,,8,1,0,6,14,2,6,0,7,0.785714286,99,1,0,0,0.3,1,1,10875,5,1.25,0
data_prop,125,,4,1,0,3,7,6,3,0,4,2,17,0,0,0,1,0,0,3.25,1,0.75,0
data_prop,126,,2,1,0,6,2,1,4,2,2,2,2,0,0,0,0.583333333,0,0,0,1,1,0
data_prop,127,,4,2,0,12,31,2,0,12,1,1,179,1,3,0.857142857,0.583333333,1,1,41,4,1.25,0
data_prop,128,,11,1,0,2,15,37,1,1,11,0.85,109,1,1,0,0.242424242,1,1,8.545454545,7,1.5455,0
data_prop,129,,8,2,0,20,52,18,1,19,2,0.785714286,360,1,0,0.730769231,325,1,3,43.5,6,2.5,0
data_prop,130,,13,2,0,8,17,78,0,8,13,2,49,0,0,0.586206897,1,1,3,2.769230769,1,0.9231,0
data_prop,131,,2,2,0,5,7,1,1,4,1,2,17,0,0,0.909090909,0.75,1,2,7.5,1,0.5,0
data_prop,132,,2,2,0,4,5,1,1,3,1,2,11,0,0,0.909090909,0.75,1,1,4.5,1,0.5,0
data_prop,133,,1,1,0,3,1,0,2,1,1,2,1,0,0,0,1,0,0,0,1,1,0
data_prop,134,,6,2,0,12,37,7,0,12,1,1.122222222,302,1,1,0.75,0.52,1,1,46.33333333,2,0.8333,0
data_prop,135,,1,1,0,23,1,0,23,1,1,2,1,0,0,0,1,0,0,0,1,1,0
data_prop,136,,14,1,11,19,44,61,11,8,9,0.89010989,214,1,0,0,0.307692308,0,0,13.78571429,5,1.4286,0
data_prop,137,,10,1,0,8,21,0,8,0,10,0.666666667,140,1,0,0,0.34,0,0,12.6,2,0.8,0
data_prop,138,,14,2,0,7,17,91,0,7,14,2,54,0,0,0.566666667,1,1,4,2.857142857,1,0.9286,0
data_prop,139,,8,1,0,9,9,14,8,1,7,0.857142857,46,1,1,0,0.458333333,0,0,4.25,1,0.75,0
data_prop,140,,17,1,0,76,25,88,74,2,15,0.854166667,163,1,2,0,0.205882353,1,1,8.235294118,7,1.2941,0
data_prop,141,,7,1,0,5,7,21,3,2,7,2,7,0,0,0,0.5,0,0,0,1,1,0
data_prop,142,,13,2,0,8,17,78,0,8,13,2,49,0,0,0.586206897,1,1,3,2.769230769,1,0.9231,0
data_prop,143,,2,2,0,5,7,1,1,4,1,2,17,0,0,0.909090909,0.75,1,2,7.5,1,0.5,0
data_prop,144,,3,2,0,7,14,3,1,6,3,2,48,0,0,0.75,0.555555556,0,0,15,1,0.6667,0
data_prop,145,,1,1,0,0,2,0,0,0,0,2,13,0,0,0,1,0,0,3,0,0,1
data_prop,146,,19,1,0,31,135,115,0,31,16,0.833333333,798,1,8,0,0.136842105,0,0,40.52631579,13,2.3158,1
data_prop,147,,5,1,0,20,12,0,16,4,5,0,43,1,0,0,0.64,0,0,7.4,1,0.8,0
data_prop,148,,17,1,0,4,30,24,3,1,16,0.758928571,343,1,1,0,0.317647059,1,1,18.76470588,22,2.5882,0
data_prop,149,,8,1,0,6,8,28,5,1,8,2,8,0,0,0,0.4,0,0,0,1,1,0
data_prop,150,,1,1,0,0,2,0,0,0,1,2,11,0,0,0,1,0,0,3,0,0,0
data_prop,151,,13,2,0,9,19,78,0,9,13,2,57,0,0,0.586206897,1,1,3,3.384615385,1,0.9231,0
data_prop,152,,7,1,0,6,7,21,4,2,7,2,7,0,0,0,0.342857143,0,0,0,1,1,0
data_prop,153,,4,1,0,15,4,6,14,1,4,2,4,0,0,0,625,0,0,0,1,1,0
data_prop,154,,6,2,0,8,20,15,0,8,6,2,83,0,0,0.285714286,0.833333333,0,0,12.83333333,2,1.1667,0
data_prop,155,,3,3,0,3,4,1,2,1,3,1,15,1,0,0.964912281,0.666666667,0,0,3.333333333,1,0.6667,0
data_prop,156,,9,1,0,6,29,26,1,5,3,0.6875,200,1,2,0,0.291666667,0,0,20.77777778,3,1.6667,0
data_prop,157,,10,1,0,11,55,37,1,10,5,0.555555556,447,1,2,0,0.357142857,0,0,43.5,9,2.6,0
data_prop,158,,6,2,0,9,15,15,3,9,6,2,60,0,0,0.285714286,0.4,0,0,9,1,0.8333,0
data_prop,159,,3,1,0,16,30,0,1,15,2,0.166666667,178,1,3,0,0.5,0,0,57.33333333,9,3.6667,0
data_prop,160,,3,2,0,6,8,3,1,6,3,2,21,0,0,0.5,0.555555556,0,0,6,1,0.6667,0
data_prop,161,,4,2,0,10,28,2,0,10,1,1.148148148,153,1,1,0.857142857,0.583333333,1,1,35,3,1,0
data_prop,162,,15,1,0,23,27,51,23,1,15,0.767857143,169,1,0,0,0.32,1,1,10,7,1.4,0
data_prop,163,,5,1,0,27,15,10,26,1,4,2,89,0,0,0,0.266666667,0,0,16.8,3,1.2,0
data_prop,164,,4,2,0,10,23,2,0,10,1,1125,118,1,1,0.857142857,0.583333333,1,1,26.5,1,0.5,0
data_prop,165,,6,1,0,20,47,13,0,20,4,1.16,274,1,1,0,0.416666667,0,0,43,2,1.1667,0
data_prop,166,,13,2,0,8,17,78,0,8,13,2,49,0,0,0.586206897,1,1,3,2.769230769,1,0.9231,1
data_prop,167,,4,1,0,0,5,0,0,0,4,1,23,0.333333333,0,0,0.75,0,0,4,1,0.5,0
data_prop,168,,15,1,0,7,19,83,6,1,15,0.904761905,129,1,1,0,0.20952381,1,1,7.2,7,1.4,0
data_prop,169,,6,2,0,22,37,13,2,21,2,0.6,157,1,0,0.791666667,0.366666667,1,3,25,4,1.8333,0
data_prop,170,,2,2,0,5,8,1,1,4,1,2,81,1,0,0.909090909,0.75,1,2,37.5,2,1,0
data_prop,171,,6,2,0,21,49,0,1,20,2,0.64,274,1,1,0.791666667,0.333333333,1,3,43.83333333,5,2.1667,1
data_prop,172,,33,1,0,27,66,270,22,5,33,0.869318182,509,1,3,0,0.151515152,0,0,14.09090909,4,1.0909,0
data_prop,173,,2,2,0,5,7,1,1,4,1,2,17,0,0,0.909090909,0.75,1,2,7.5,1,0.5,0
data_prop,174,,4,1,0,10,32,4,1,10,2,1.242424242,223,1,0,0,0.5,0,0,52,3,1.25,0
data_prop,175,,11,1,0,7,22,17,7,0,10,0.814285714,150,1,0,0,0.424242424,0,0,12,3,1,0
data_prop,176,,2,2,0,5,7,1,1,4,1,2,17,0,0,0.909090909,0.75,1,2,7.5,1,0.5,0
data_prop,177,,9,1,0,30,42,36,21,9,8,2,207,0,0,0,0.351851852,0,0,22,7,1.5556,0
data_prop,178,,8,1,0,8,8,28,6,2,8,2,8,0,0,0,0.53125,0,0,0,1,1,0
data_prop,179,,3,2,0,8,14,3,1,7,3,2,63,0,0,0.75,0.555555556,0,0,20,3,1.3333,0
data_prop,180,,2,2,0,7,12,1,0,7,2,1,110,1,0,0.833333333,1,0,0,51.5,1,0.5,0
data_prop,181,,6,2,0,24,55,0,2,23,2,0.64,291,1,1,0.791666667,0.333333333,1,3,46.66666667,5,2.3333,1
data_prop,182,,18,1,0,19,77,147,5,14,6,0.862745098,596,1,3,0,0.234567901,0,0,31.94444444,8,2.6667,1
data_prop,183,,2,2,0,5,7,1,1,4,1,2,17,0,0,0.909090909,0.75,1,2,7.5,1,0.5,0
data_prop,184,,3,2,0,11,15,3,4,7,3,2,93,0,0,0.75,0.555555556,0,0,30,4,1.6667,0
data_prop,185,,4,1,0,5,18,4,1,4,2,1.142857143,128,1,2,0,0.5,0,0,29.25,2,1.25,0
data_prop,186,,5,1,0,4,5,10,3,1,5,2,5,0,0,0,0.9,0,0,0,1,1,0
data_prop,187,,15,1,0,13,42,41,0,13,15,0.846938776,221,0.857142857,6,0,0.2,0,0,13.26666667,5,1.3333,0
data_prop,188,,23,1,0,16,23,253,9,8,23,2,23,0,0,0,0.293478261,0,0,0,1,1,0
data_prop,189,,4,1,0,9,35,4,1,8,2,1.308641975,300,1,2,0,0.4375,0,0,67.25,5,2.25,1
data_prop,190,,2,2,0,7,11,1,0,7,2,1,46,1,0,0.833333333,1,0,0,20.5,1,0.5,0
data_prop,191,,33,1,0,15,77,344,7,11,32,0.883522727,564,1,1,0,0.157575758,1,1,15.75757576,5,1.3636,1
data_prop,192,,5,1,0,39,18,0,36,3,3,0.25,75,1,1,0,0.25,0,0,13.6,4,1.6,0
data_prop,193,,6,1,0,1,13,15,1,0,5,2,385,0,0,0,0.458333333,0,0,63.16666667,47,9,0
data_prop,194,,5,3,0,8,31,10,0,8,3,1.25,135,1,0,0.862068966,0.4,2,2,25.8,1,0.8,0
data_prop,195,,6,2,0,2,14,11,1,1,4,0.8,105,0.4,4,0.764705882,0.4,1,1,15.66666667,3,1,0
data_prop,196,,13,2,0,9,19,78,0,9,13,2,65,0,0,0.586206897,1,1,3,4,1,0.9231,0
data_prop,197,,4,2,0,11,29,2,0,11,1,1.214285714,247,1,1,0.857142857,0.583333333,1,1,57.25,8,2.25,1
data_prop,198,,4,1,0,18,44,4,1,17,3,0.666666667,221,1,1,0,375,0,0,54,4,1.5,0
data_prop,199,,20,1,0,6,42,118,4,3,20,0.810526316,264,1,1,0,0.188888889,1,1,11.95,7,1.45,0
data_prop,200,,5,1,0,7,21,6,1,6,4,1.083333333,148,1,3,0,0.533333333,0,0,26.8,3,1.2,0
data_prop,201,,2,2,0,7,11,1,0,7,2,1,35,1,0,0.833333333,1,0,0,16,1,0.5,0
data_prop,202,,2,2,0,5,9,1,1,4,1,2,49,0,0,0.909090909,0.75,1,1,23.5,1,0.5,1
data_prop,203,,3,2,0,8,14,3,1,7,3,2,103,0,0,0.75,0.555555556,0,0,33.33333333,6,2.3333,0
data_prop,204,,23,1,0,11,23,253,1,10,23,2,23,0,0,0,0.255434783,0,0,0,1,1,0
data_prop,205,,3,1,0,3,3,3,1,2,3,2,3,0,0,0,0.466666667,0,0,0,1,1,0
data_prop,206,,4,1,0,6,4,6,5,1,4,2,4,0,0,0,0.6875,0,0,0,1,1,0
data_prop,207,,2,1,0,5,2,1,4,1,2,2,2,0,0,0,0.666666667,0,0,0,1,1,0
data_prop,208,,22,1,0,25,86,167,0,25,19,0.869047619,464,1,7,0,0.142857143,0,0,19.72727273,4,1.3636,1
data_prop,209,,6,2,0,2,14,11,1,1,4,0.8,105,0.4,4,0.764705882,0.4,1,1,15.66666667,3,1,0
data_prop,210,,8,1,0,8,8,28,6,2,8,2,8,0,0,0,0.321428571,0,0,0,1,1,0
data_prop,211,,15,1,0,3,21,63,3,1,15,0.828571429,152,1,1,0,0.238095238,1,1,8.8,7,1.4,0
data_prop,212,,14,1,0,17,49,73,1,16,11,0.802197802,309,1,7,0,0.17032967,0,0,20.57142857,7,1.7857,0
data_prop,213,,5,2,0,13,32,2,0,13,1,0.75,163,1,1,0.8,625,1,1,31,1,0.6,0
data_prop,214,,3,2,0,8,14,3,1,7,3,2,52,0,0,0.75,0.555555556,0,0,16.33333333,2,1,0
data_prop,215,,4,1,0,5,4,6,5,0,4,2,4,0,0,0,0.833333333,0,0,0,1,1,0
data_prop,216,,6,2,0,2,14,11,1,1,4,0.833333333,117,0.333333333,5,0.764705882,0.4,1,1,17.5,3,1,0
data_prop,217,,12,1,0,20,16,36,20,1,12,0.795454545,122,1,1,0,0.316666667,1,1,8.833333333,7,1.4167,0
data_prop,218,,11,1,0,7,53,31,0,7,6,775,285,1,0,0,225,0,0,24.54545455,7,1.6364,0
data_prop,219,,20,1,0,19,52,126,0,19,20,0.888157895,264,1,8,0,0.142857143,0,0,11.8,4,1.25,0
data_prop,220,,2,2,0,8,12,1,0,8,2,1,56,1,0,0.833333333,1,0,0,24,1,0.5,0
data_prop,221,,18,1,20,28,46,117,20,8,15,0.858823529,221,1,0,0,0.240740741,1,1,11,7,1.4444,0
data_prop,222,,5,1,0,7,14,0,3,4,5,0.333333333,115,1,0,0,0.566666667,0,0,21.4,4,2,0
data_prop,223,,12,1,16,24,42,8,16,8,2,0.704545455,220,1,1,0,0.218181818,0,0,17,4,1.6667,0
data_prop,224,,3,1,0,3,3,3,2,1,3,2,3,0,0,0,0.5,0,0,0,1,1,1
data_prop,225,,10,1,0,7,12,9,6,1,10,0.8,79,1,1,0,0.3,0,0,6.4,1,0.7,0
data_prop,226,,5,2,0,30,8,6,29,1,3,0.892857143,91,0.285714286,6,0.8125,0.416666667,1,1,15.8,1,0.6,0
data_prop,227,,6,1,0,11,7,7,10,1,5,0.88,41,1,1,0,375,0,0,5,1,0.6667,0
data_prop,228,,2,1,0,1,4,1,0,1,2,2,9,0,0,0,1,0,0,3.5,1,0.5,0
data_prop,229,,3,2,0,8,14,3,1,7,3,2,72,0,0,0.75,0.555555556,0,0,23,3,1.3333,0
data_prop,230,,4,2,0,10,27,2,0,10,1,1.166666667,202,1,1,0.857142857,0.583333333,1,1,47,7,2,1
data_prop,231,,4,1,0,2,9,0,2,0,4,0.5,45,1,0,0,0.666666667,0,0,9.75,3,1.25,0
data_prop,232,,5,1,4,4,9,0,4,0,4,375,35,1,0,0,0.6,0,0,5.6,1,0.8,0
data_prop,233,,4,1,0,9,5,0,9,0,4,0.666666667,28,1,0,0,0.5,0,0,5.25,1,0.75,0
data_prop,234,,15,1,0,10,23,69,10,0,15,0.785714286,213,1,0,0,0.366666667,1,1,12.86666667,7,1.7333,0
data_prop,235,,29,1,0,11,50,180,10,1,26,0.726190476,418,1,0,0,0.226600985,1,1,13.20689655,7,1.2759,0
data_prop,236,,4,3,0,4,35,6,0,4,3,1.333333333,205,1,0,0.892857143,0.45,3,3,50,1,0.75,0
data_prop,237,,4,2,0,6,10,6,1,6,4,2,28,0,0,0.4,0.4375,0,0,6,1,0.75,1
data_prop,238,,29,1,0,11,41,282,8,3,29,0.895833333,348,1,3,0,0.183908046,1,1,10.5862069,7,1.2069,1
data_prop,239,,14,2,0,7,17,91,0,7,14,2,53,0,0,0.566666667,1,1,4,2.785714286,1,0.9286,0
data_prop,240,,1,1,0,8,1,0,8,0,1,2,1,0,0,0,1,0,0,0,1,1,0
data_prop,241,,10,1,0,1,23,9,1,0,9,0.755555556,155,1,0,0,0.65,0,0,14,3,1,0
data_prop,242,,16,1,0,37,77,108,1,36,9,0.916666667,368,1,6,0,0.1484375,0,0,21.5,3,1.3125,0
data_prop,243,,9,1,0,5,13,20,4,1,9,0.791666667,99,1,1,0,0.288888889,1,1,9.666666667,7,1.6667,0
data_prop,244,,13,2,0,9,19,78,0,9,13,2,81,0,0,0.586206897,1,1,3,5.230769231,1,0.9231,0
data_prop,245,,9,2,0,10,20,36,5,10,9,2,80,0,0,0.2,0.377777778,0,0,7.888888889,1,0.8889,0
data_prop,246,,6,2,0,7,15,15,2,7,6,2,46,0,0,0.285714286,0.4,0,0,6.666666667,1,0.8333,0
data_prop,247,,4,1,0,4,22,4,2,3,3,0.333333333,119,0,0,0,0.5,0,0,28.25,2,1,0
data_prop,248,,2,2,0,4,5,1,1,3,1,2,11,0,0,0.909090909,0.75,1,1,4.5,1,0.5,0
data_prop,249,,6,1,0,2,26,1,1,1,3,0.5,187,1,1,0,0.333333333,0,0,29.83333333,3,1.1667,0
data_prop,250,,23,1,0,8,23,253,1,7,23,2,23,0,0,0,0.338164251,0,0,0,1,1,0
data_prop,251,,1,1,0,2,1,0,2,0,1,2,1,0,0,0,1,0,0,0,1,1,0
data_prop,252,,5,1,0,5,14,0,1,4,5,0.25,115,1,0,0,0.64,0,0,21.6,4,2,0
data_prop,253,,7,1,0,5,7,21,3,2,7,2,7,0,0,0,0.535714286,0,0,0,1,1,0
data_prop,254,,2,1,0,3,2,1,2,1,2,2,2,0,0,0,0.75,0,0,0,1,1,0
data_prop,255,,4,1,0,3,8,0,2,1,4,0.5,30,1,0,0,0.5,0,0,6,1,0.75,0
data_prop,256,,6,1,0,6,6,15,4,2,6,2,6,0,0,0,0.333333333,0,0,0,1,1,0
data_prop,257,,2,2,0,4,5,1,0,4,2,2,11,0,0,0.666666667,0.75,0,0,4.5,1,0.5,0
data_prop,258,,4,1,0,2,9,0,2,0,4,0.5,45,1,0,0,0.666666667,0,0,9.75,3,1.25,0
data_prop,259,,2,1,0,1,4,1,0,1,2,2,9,0,0,0,1,0,0,3.5,1,0.5,0
data_prop,260,,6,1,0,11,7,7,10,1,5,0.88,41,1,1,0,375,0,0,5,1,0.6667,0
data_prop,261,,10,1,0,1,23,9,1,0,9,0.755555556,155,1,0,0,0.65,0,0,14,3,1,0
data_prop,262,,16,1,0,37,77,108,1,36,9,0.916666667,368,1,6,0,0.1484375,0,0,21.5,3,1.3125,1
data_prop,263,,7,1,0,5,7,21,3,2,7,2,7,0,0,0,0.535714286,0,0,0,1,1,0
data_prop,264,,2,1,0,3,2,1,2,1,2,2,2,0,0,0,0.75,0,0,0,1,1,0
data_prop,265,,6,1,0,6,6,15,4,2,6,2,6,0,0,0,0.333333333,0,0,0,1,1,0
data_prop,266,,5,1,4,4,9,0,4,0,4,375,35,1,0,0,0.6,0,0,5.6,1,0.8,0
data_prop,267,,15,1,0,10,23,69,10,0,15,0.785714286,213,1,0,0,0.366666667,1,1,12.86666667,7,1.7333,0
data_prop,268,,29,1,0,11,50,180,10,1,26,0.726190476,418,1,0,0,0.226600985,1,1,13.20689655,7,1.2759,0
data_prop,269,,8,1,0,6,8,28,5,1,8,2,8,0,0,0,0.4,0,0,0,1,1,0
data_prop,270,,9,1,0,7,30,0,4,3,9,0.45,141,1,2,0,0.62962963,0,0,14.11111111,2,1.1111,0
data_prop,271,,5,2,0,8,8,6,7,1,3,0.892857143,91,0.285714286,6,0.8125,0.416666667,1,1,15.8,1,0.6,0
data_prop,272,,1,1,0,8,1,0,8,0,1,2,1,0,0,0,1,0,0,0,1,1,0
data_prop,273,,29,1,0,11,41,282,8,3,29,0.895833333,348,1,3,0,0.183908046,1,1,10.5862069,7,1.2069,1
data_prop,274,,5,1,0,2,6,4,2,0,5,0.75,31,1,0,0,0.466666667,0,0,4.6,1,0.8,0
data_prop,275,,4,2,0,6,10,6,1,6,4,2,28,0,0,0.4,0.4375,0,0,6,1,0.75,1
data_prop,276,,4,3,0,4,35,6,0,4,3,1.333333333,205,1,0,0.892857143,0.45,3,3,50,1,0.75,0
data_prop,277,,2,2,0,4,5,1,0,4,2,2,11,0,0,0.666666667,0.75,0,0,4.5,1,0.5,0
data_prop,278,,1,1,0,2,1,0,2,0,1,2,1,0,0,0,1,0,0,0,1,1,0
data_prop,279,,25,1,0,8,25,300,1,7,25,2,25,0,0,0,0.337777778,0,0,0,1,1,0
data_prop,280,,2,2,0,7,11,1,0,7,2,1,35,1,0,0.833333333,1,0,0,16,1,0.5,0
data_prop,281,,32,1,0,12,46,448,8,5,32,0.919354839,261,1,3,0,0.17578125,1,1,6.78125,7,1.3438,0
data_prop,282,,20,1,0,6,42,118,4,3,20,0.810526316,264,1,1,0,0.188888889,1,1,11.95,7,1.45,0
data_prop,283,,5,1,0,7,21,6,1,6,4,1.0625,134,1,3,0,0.533333333,0,0,24.2,3,1.2,0
data_prop,284,,4,1,0,18,44,4,1,17,3,0.666666667,221,1,1,0,375,0,0,54,4,1.5,0
data_prop,285,,6,2,0,2,14,11,1,1,4,0.8,105,0.4,4,0.764705882,0.4,1,1,15.66666667,3,1,0
data_prop,286,,6,2,0,2,14,11,1,1,4,0.8,105,0.4,4,0.764705882,0.4,1,1,15.66666667,3,1,0
data_prop,287,,7,1,0,8,7,21,6,2,7,2,7,0,0,0,0.306122449,0,0,0,1,1,0
data_prop,288,,25,1,0,11,25,300,1,10,25,2,25,0,0,0,255,0,0,0,1,1,0
data_prop,289,,3,1,0,3,3,3,1,2,3,2,3,0,0,0,0.466666667,0,0,0,1,1,0
data_prop,290,,6,1,0,3,31,1,1,2,3,0.5,203,1,1,0,0.333333333,0,0,32.5,3,1.3333,0
data_prop,291,,4,1,0,4,22,4,2,3,3,0.333333333,119,0,0,0,0.5,0,0,28.25,2,1,0
data_prop,292,,6,2,0,7,15,15,2,7,6,2,46,0,0,0.285714286,0.4,0,0,6.666666667,1,0.8333,0
data_prop,293,,9,2,0,10,20,36,5,10,9,2,80,0,0,0.2,0.377777778,0,0,7.888888889,1,0.8889,0
data_prop,294,,9,1,0,5,13,20,4,1,9,0.791666667,99,1,1,0,0.288888889,1,1,9.666666667,7,1.6667,0
data_prop,295,,10,1,0,8,12,9,7,1,10,0.8,79,1,1,0,0.3,0,0,6.4,1,0.7,0
data_prop,296,,22,1,0,25,87,155,0,25,19,0.863095238,489,1,7,0,0.142857143,0,0,20.86363636,4,1.4091,1
data_prop,297,,4,1,0,6,4,6,5,1,4,2,4,0,0,0,0.6875,0,0,0,1,1,0
data_prop,298,,3,1,0,3,3,3,2,1,3,2,3,0,0,0,0.5,0,0,0,1,1,1
data_prop,299,,6,1,0,1,13,15,1,0,5,2,385,0,0,0,0.458333333,0,0,63.16666667,47,9,0
data_prop,300,,8,1,0,7,8,28,5,2,8,2,8,0,0,0,0.5,0,0,0,1,1,0
data_prop,301,,5,1,0,28,18,0,25,3,3,0.25,75,1,1,0,0.25,0,0,13.6,4,1.6,0
data_prop,302,,33,1,0,15,78,344,7,11,32,0.884375,543,1,1,0,0.157575758,1,1,15.15151515,5,1.3636,0
data_prop,303,,2,2,0,7,11,1,0,7,2,1,46,1,0,0.833333333,1,0,0,20.5,1,0.5,0
data_prop,304,,4,1,0,9,35,4,1,8,2,1.307692308,299,1,1,0,0.4375,0,0,67.25,5,2.25,1
data_prop,305,,15,1,0,11,38,41,0,11,15,0.821428571,185,1,6,0,0.193333333,0,0,10.93333333,5,1.2667,0
data_prop,306,,5,1,0,4,5,10,3,1,5,2,5,0,0,0,0.9,0,0,0,1,1,0
data_prop,307,,4,1,0,5,18,4,1,4,2,1.142857143,128,1,2,0,0.5,0,0,29.25,2,1.25,0
data_prop,308,,9,1,0,22,42,36,13,9,8,2,207,0,0,0,0.351851852,0,0,22,7,1.5556,0
data_prop,309,,7,1,0,24,60,13,0,24,4,1.075757576,337,1,1,0,0.416666667,0,0,45.57142857,3,1.4286,1
data_prop,310,,11,1,0,7,22,17,7,0,10,0.814285714,150,1,0,0,0.424242424,0,0,12,3,1,0
data_prop,311,,4,1,0,12,35,4,1,12,2,1.083333333,271,1,0,0,0.466666667,0,0,65.75,9,3,0
data_prop,312,,32,1,0,28,65,252,23,5,32,0.868035191,505,1,3,0,0.153125,0,0,14.4375,4,1.0938,0
data_prop,313,,6,2,0,21,49,0,1,20,2,0.64,274,1,1,0.791666667,0.333333333,1,3,43.83333333,5,2.1667,0
data_prop,314,,6,2,0,22,37,13,2,21,2,0.6,157,1,0,0.791666667,0.366666667,1,3,25,4,1.8333,0
data_prop,315,,15,1,0,8,19,83,7,1,15,0.904761905,129,1,1,0,0.20952381,1,1,7.2,7,1.4,0
data_prop,316,,11,1,0,12,43,25,1,11,8,0.714285714,411,1,0,0,0.44,0,0,35.72727273,5,1.5455,0
data_prop,317,,4,1,0,0,5,0,0,0,4,1,23,0.333333333,0,0,0.75,0,0,4,1,0.5,0
data_prop,318,,18,1,0,18,77,147,4,14,6,0.862745098,596,1,3,0,0.234567901,0,0,31.94444444,8,2.6667,1
data_prop,319,,6,2,0,24,55,0,2,23,2,0.64,291,1,1,0.791666667,0.333333333,1,3,46.66666667,5,2.3333,0
data_prop,320,,2,2,0,7,12,1,0,7,2,1,125,1,0,0.833333333,1,0,0,58.5,1,0.5,0
data_prop,321,,3,1,0,16,30,0,1,15,2,0.166666667,178,1,3,0,0.5,0,0,57.33333333,9,3.6667,1
data_prop,322,,7,2,0,10,17,21,4,10,7,2,71,0,0,0.25,0.333333333,0,0,9.142857143,1,0.8571,0
data_prop,323,,10,1,0,11,55,37,1,10,5,0.555555556,447,1,2,0,0.357142857,0,0,43.5,9,2.6,0
data_prop,324,,6,1,0,7,6,15,5,2,6,2,6,0,0,0,0.416666667,0,0,0,1,1,0
data_prop,325,,9,1,0,6,29,26,1,5,3,0.6875,200,1,2,0,0.291666667,0,0,20.77777778,3,1.6667,0
data_prop,326,,3,3,0,3,4,1,2,1,3,1,15,1,0,0.964912281,0.666666667,0,0,3.333333333,1,0.6667,0
data_prop,327,,6,2,0,8,20,15,0,8,6,2,83,0,0,0.285714286,0.833333333,0,0,12.83333333,2,1.1667,0
data_prop,328,,17,1,0,4,30,24,3,1,16,0.758928571,331,1,1,0,0.317647059,1,1,18.05882353,22,2.5882,0
data_prop,329,,1,1,0,3,1,0,2,1,1,2,1,0,0,0,1,0,0,0,1,1,0
data_prop,330,,5,1,0,13,15,10,12,1,4,2,89,0,0,0,0.266666667,0,0,16.8,3,1.2,0
data_prop,331,,19,1,0,31,139,115,0,31,16,0.833333333,823,1,8,0,0.136842105,0,0,41.84210526,13,2.3158,0
data_prop,332,,1,1,0,0,2,0,0,0,0,2,13,0,0,0,1,0,0,3,0,0,0
data_prop,333,,7,1,0,6,7,21,4,2,7,2,7,0,0,0,0.5,0,0,0,1,1,0
data_prop,334,,17,1,0,49,25,88,47,2,15,0.854166667,163,1,2,0,0.205882353,1,1,8.235294118,7,1.2941,0
data_prop,335,,8,1,0,9,9,14,8,1,7,0.857142857,46,1,1,0,0.458333333,0,0,4.25,1,0.75,0
data_prop,336,,10,1,0,9,21,0,9,0,10,0.666666667,140,1,0,0,0.34,0,0,12.6,2,0.8,0
data_prop,337,,3,2,0,14,28,0,2,12,2,0.5,155,1,0,0.9,625,1,1,49.33333333,2,0.6667,0
data_prop,338,,4,1,0,3,8,0,2,1,4,0.5,30,1,0,0,0.5,0,0,6,1,0.75,0
data_prop,339,,7,2,0,11,17,21,4,11,7,2,80,0,0,0.25,0.30952381,0,0,10.42857143,1,0.8571,0
data_prop,340,,11,1,0,9,11,55,7,2,11,2,11,0,0,0,0.311688312,0,0,0,1,1,1
data_prop,341,,6,1,0,7,33,11,1,6,3,1.085714286,169,1,0,0,0.6,0,0,26,5,1.6667,0
data_prop,342,,8,2,0,20,52,18,1,19,2,0.785714286,360,1,0,0.730769231,325,1,3,43.5,6,2.5,0
data_prop,343,,11,1,0,2,15,37,1,1,11,0.85,109,1,1,0,0.242424242,1,1,8.545454545,7,1.5455,0
data_prop,344,,2,1,0,5,2,1,3,2,2,2,2,0,0,0,0.583333333,0,0,0,1,1,0
data_prop,345,,4,1,0,3,7,6,3,0,4,2,17,0,0,0,1,0,0,3.25,1,0.75,0
data_prop,346,,10,1,0,6,19,17,6,0,8,0.822222222,128,0.8,0,0,0.311111111,1,1,11.3,5,1.3,0
data_prop,347,,5,1,0,5,36,10,0,5,2,2,163,0,0,0,0.266666667,0,0,31.6,3,1.2,0
data_prop,348,,14,1,0,8,23,61,8,1,13,0.788461538,154,1,1,0,0.314285714,1,1,9.714285714,7,1.5,0
data_prop,349,,5,1,0,11,38,0,1,10,2,0.5,237,1,2,0,0.366666667,0,0,45.6,4,2.2,0
data_prop,350,,3,5,0,9,6,3,8,1,2,1.5,16,1,0,1,0.666666667,0,0,4,0,0,0
data_prop,351,,4,1,0,6,12,0,4,2,4,0,44,1,0,0,0.5,0,0,9.75,2,1,0
data_prop,352,,9,1,0,8,16,6,8,0,8,0.708333333,104,1,0,0,0.311111111,1,1,10.22222222,5,1.2222,0
data_prop,353,,7,1,0,5,15,0,1,4,7,0.166666667,52,1,0,0,0.514285714,0,0,6.285714286,1,0.8571,0
data_prop,354,,37,1,0,34,147,406,0,34,34,0.888888889,736,1,8,0,0.111111111,0,0,18.64864865,6,1.3784,1
data_prop,355,,12,1,0,5,34,36,4,1,7,0.727272727,342,1,0,0,0.464285714,0,0,27.16666667,4,1.8333,0
data_prop,356,,6,2,0,18,41,7,1,17,2,0.666666667,216,1,0,0.791666667,0.366666667,1,3,34.5,5,2.3333,0
data_prop,357,,11,1,0,13,33,13,0,13,4,1,226,1,1,0,425,0,0,18.63636364,1,0.8182,0
data_prop,358,,4,2,0,3,8,6,0,3,4,2,22,0,0,0.4,1,0,0,4.5,1,0.75,0
data_prop,359,,6,1,0,2,7,3,2,0,5,0.8,35,1,0,0,0.555555556,0,0,4.333333333,1,0.6667,0
data_prop,360,,4,1,0,8,21,0,1,7,2,1,168,1,1,0,0.4,0,0,39,3,1.5,0
data_prop,361,,12,1,0,18,51,18,13,7,7,0.727272727,255,1,0,0,0.327272727,0,0,19.91666667,5,1.5833,0
data_prop,362,,9,1,0,7,19,4,4,3,9,0.5,97,1,0,0,0.722222222,0,0,9.444444444,2,1,0
data_prop,363,,12,1,0,36,16,40,36,0,10,0.818181818,119,1,0,0,0.3,1,1,8.583333333,7,1.4167,0
data_prop,364,,5,1,0,5,31,0,4,1,4,0.85,190,1,0,0,0.6,0,0,36,5,2.8,0
data_prop,365,,4,2,0,5,9,6,0,5,4,2,38,0,0,0.4,0.4,0,0,8.5,1,0.75,0
data_prop,366,,3,1,0,5,3,3,5,1,3,2,3,0,0,0,0.466666667,0,0,0,1,1,0
data_prop,367,,2,3,0,3,19,1,0,3,2,2,91,1,0,0.961538462,1,1,2,44,5,2.5,0
data_prop,368,,38,1,0,26,62,457,24,6,28,0.844594595,454,1,2,0,0.15,1,1,10.73684211,7,1.4737,0
data_prop,369,,12,2,0,12,25,66,6,12,12,2,110,0,0,0.153846154,0.297619048,0,0,8.166666667,1,0.9167,1
data_prop,370,,3,1,0,2,13,3,2,0,1,2,90,0,0,0,0.444444444,0,0,29,6,2.6667,0
data_prop,371,,1,1,0,3,1,0,2,1,1,2,1,0,0,0,1,0,0,0,1,1,0
data_prop,372,,6,2,0,2,14,11,1,1,4,0.666666667,81,0.666666667,2,0.764705882,0.4,1,1,12,3,1,0
data_prop,373,,4,1,0,4,5,0,4,0,3,0.833333333,22,1,0,0,0.75,0,0,4,1,0.5,0
data_prop,374,,6,1,0,7,6,15,5,2,6,2,6,0,0,0,0.361111111,0,0,0,1,1,0
data_prop,375,,6,1,0,9,6,15,7,2,6,2,6,0,0,0,0.466666667,0,0,0,1,1,0
data_prop,376,,3,1,0,5,20,0,0,5,3,0.5,94,1,0,0,0.666666667,0,0,29.66666667,1,0.6667,0
data_prop,377,,2,2,0,8,12,1,0,8,2,1,59,1,0,0.833333333,1,0,0,25,1,0.5,0
data_prop,378,,12,1,1,10,43,8,1,9,2,0.704545455,219,1,1,0,0.218181818,0,0,16.91666667,4,1.6667,0
data_prop,379,,3,2,0,4,13,3,1,4,1,1.5,39,0,0,0.818181818,0.4,1,1,11,1,0.6667,1
data_prop,380,,15,1,0,17,32,53,16,2,14,875,211,1,0,0,0.266666667,1,1,12.53333333,7,1.4667,0
data_prop,381,,9,1,0,21,43,20,0,21,8,0.854166667,252,1,5,0,0.204545455,0,0,26.33333333,5,1.5556,0
data_prop,382,,9,1,0,3,13,4,3,0,9,625,90,1,0,0,0.722222222,0,0,8.666666667,1,0.7778,0
data_prop,383,,5,1,0,8,5,10,7,1,5,2,5,0,0,0,0.44,0,0,0,1,1,0
data_prop,384,,1,1,0,0,2,0,0,0,1,2,11,0,0,0,1,0,0,3,0,0,0
data_prop,385,,6,2,0,4,14,11,3,1,4,875,141,0.25,7,0.764705882,0.4,1,1,21.16666667,3,1,0
data_prop,386,,2,2,0,4,10,1,0,4,2,2,30,0,0,0.666666667,0.75,0,0,14,2,1,0
data_prop,387,,26,4,0,13,53,325,0,13,26,1.04,204,1,0,0.609375,0.25,0,0,6.807692308,1,0.9615,0
data_prop,388,,3,1,0,5,14,0,1,4,3,0.25,63,1,1,0,0.555555556,0,0,19.33333333,3,1.3333,0
data_prop,389,,10,1,0,3,14,0,3,0,9,0.694444444,164,1,0,0,0.5,1,1,15,13,2.3,0
data_prop,390,,37,1,0,25,60,492,23,6,25,0.840277778,441,1,2,0,0.148648649,1,1,10.7027027,7,1.4865,0
data_prop,391,,11,1,0,18,49,51,1,17,4,1.076923077,350,1,1,0,0.4,0,0,28.45454545,3,1.4545,1
data_prop,392,,6,2,0,10,14,11,9,1,4,0.857142857,129,0.285714286,6,0.764705882,0.4,1,1,19.33333333,3,1,0
data_prop,393,,2,2,0,8,12,1,0,8,2,1,56,1,0,0.833333333,1,0,0,24,1,0.5,0
data_prop,394,,8,1,0,17,60,10,1,16,2,0.732142857,495,1,3,0,0.2875,0,0,59875,3,1.25,1
data_prop,395,,12,1,0,15,42,16,0,15,10,0.757575758,354,1,5,0,0.242424242,0,0,28,4,1.5,0
data_prop,396,,10,1,0,5,18,21,2,3,10,0.666666667,174,1,0,0,0.533333333,0,0,16,19,2.7,0
data_prop,397,,11,1,0,12,11,55,7,5,11,2,11,0,0,0,0.337662338,0,0,0,1,1,1
data_prop,398,,16,1,0,5,41,0,2,4,14,775,254,0.75,1,0,0.257142857,0,0,14375,3,1.5625,0
data_prop,399,,4,1,0,0,8,0,0,0,4,0.333333333,23,1,0,0,625,0,0,4.5,1,0.75,0
data_prop,400,,12,1,0,8,12,66,3,5,12,2,12,0,0,0,0.347222222,0,0,0,1,1,0
data_prop,401,,7,1,0,12,52,21,1,12,2,2,337,0,0,0,0.404761905,0,0,47.14285714,5,2.7143,0
data_prop,402,,29,1,0,14,46,260,10,4,28,0.89010989,443,1,3,0,0.183908046,1,1,13.82758621,8,1.4138,1
data_prop,403,,7,2,0,7,17,21,1,7,7,2,73,0,0,0.25,0.428571429,0,0,9.428571429,2,1,0
data_prop,404,,6,1,0,4,13,15,2,2,5,2,84,0,0,0,0.5,0,0,13,1,0.8333,0
data_prop,405,,2,1,0,0,10,1,0,0,2,2,45,0,0,0,0.5,0,0,21.5,4,2,0
data_prop,406,,21,1,6,39,76,182,8,31,4,0.95625,495,1,4,0,0.111111111,0,0,21.80952381,2,1.0952,0
data_prop,407,,23,1,0,26,72,177,0,26,23,0.909090909,380,1,10,0,125,0,0,15.08695652,4,1.2609,0
data_prop,408,,11,1,0,7,54,31,0,7,6,775,297,1,0,0,225,0,0,25.63636364,7,1.6364,0
data_prop,409,,6,2,0,2,14,11,1,1,4,0.833333333,117,0.333333333,5,0.764705882,0.4,1,1,17.5,3,1,0
data_prop,410,,4,1,0,5,4,6,5,0,4,2,4,0,0,0,0.833333333,0,0,0,1,1,0
data_prop,411,,13,1,0,15,47,60,1,14,10,0.763888889,312,1,6,0,0.185897436,0,0,22.53846154,7,1.8462,0
data_prop,412,,15,1,0,3,21,63,3,1,15,0.828571429,152,1,1,0,0.238095238,1,1,8.8,7,1.4,0
data_prop,413,,5,3,0,8,31,10,0,8,3,1.25,135,1,0,0.862068966,0.4,2,2,25.8,1,0.8,0
data_prop,414,,11,1,0,2,12,31,2,0,10,0.86,64,1,0,0,0.681818182,0,0,4.363636364,1,0.8182,0
data_prop,415,,2,1,0,3,9,1,0,3,1,1,26,0,1,0,1,0,0,11.5,0,0,0
data_prop,416,,2,4,0,15,43,0,1,14,2,0.666666667,402,1,0,0.996168582,0.555555556,2,3,198.5,17,8.5,0
data_prop,417,,5,4,2,11,8,8,11,0,4,1,26,1,0,0.894736842,0.6,0,0,3.8,1,0.4,0
data_prop,418,,3,5,0,22,6,3,21,1,2,1.5,16,1,0,1,0.666666667,0,0,4,0,0,0
data_prop,419,,5,1,0,16,53,8,1,15,2,1.230769231,361,1,0,0,0.52,0,0,66,8,3.2,1
data_prop,420,,2,1,0,2,2,1,2,0,2,2,2,0,0,0,875,0,0,0,1,1,0
data_prop,421,,10,1,0,1,14,21,0,1,10,0.740740741,109,1,1,0,0.32,1,1,9.6,7,1.5,0
data_prop,422,,5,2,0,9,8,6,8,1,3,875,79,0.333333333,5,0.8125,0.416666667,1,1,13.6,1,0.6,0
data_prop,423,,15,1,0,14,49,53,0,14,11,0.775510204,360,1,6,0,0.221428571,0,0,22.53333333,4,1.4667,0
data_prop,424,,6,2,0,11,9,9,11,0,4,0.857142857,91,0.428571429,5,0.764705882,0.4,1,1,13,1,0.6667,0
data_prop,425,,9,1,0,18,17,16,16,2,9,525,112,1,1,0,0.472222222,0,0,10.88888889,2,0.7778,0
data_prop,426,,2,1,0,4,14,0,1,3,2,0,78,1,0,0,0.666666667,0,0,37.5,3,1.5,0
data_prop,427,,5,1,0,8,5,10,3,5,5,2,5,0,0,0,0.433333333,0,0,0,1,1,0
data_prop,428,,15,2,0,6,33,51,1,5,12,0.836734694,183,1,0,0.416666667,0.346666667,2,2,10.73333333,3,1.3333,0
data_prop,429,,4,1,0,11,20,4,4,7,2,0.666666667,111,1,0,0,0.5,0,0,26.5,3,1.25,0
data_prop,430,,1,1,0,4,1,0,2,2,1,2,1,0,0,0,1,0,0,0,1,1,0
data_prop,431,,6,1,0,21,36,3,14,7,2,0.533333333,187,1,0,0,0.333333333,0,0,29.66666667,4,1.3333,0
data_prop,432,,11,1,2,13,43,27,2,11,8,0.78,220,1,1,0,0.283333333,0,0,18.54545455,4,1.1818,0
data_prop,433,,13,1,0,3,18,26,3,0,13,0.75,134,1,0,0,0.512820513,0,0,8.923076923,1,0.8462,0
data_prop,434,,10,1,0,11,37,21,0,11,7,0.8,190,1,4,0,0.24691358,0,0,17.5,3,1.1,0
data_prop,435,,19,1,0,21,92,107,0,21,11,0.855555556,765,1,5,0,0.20242915,0,0,39,9,2.6316,0
data_prop,436,,3,1,14,16,5,1,14,2,3,0.5,17,1,0,0,0.666666667,0,0,4.333333333,1,0.6667,0
data_prop,437,,23,1,0,18,39,143,16,3,23,0.850649351,309,1,2,0,0.236024845,1,1,12.13043478,7,1.3478,0
data_prop,438,,2,2,0,7,6,1,6,1,2,2,16,0,0,0.923076923,1,0,0,7,1,0.5,0
data_prop,439,,4,2,0,6,15,2,0,6,4,0.777777778,57,1,1,625,0.4375,0,0,12.5,1,0.75,0
data_prop,440,,25,1,0,10,25,300,2,8,25,2,25,0,0,0,255,0,0,0,1,1,0
data_prop,441,,3,1,0,1,3,3,1,0,3,2,3,0,0,0,1,0,0,0,1,1,0
data_prop,442,,13,1,0,10,55,0,4,7,9,0.652777778,298,1,1,0,0.3,0,0,21.46153846,6,1.9231,0
data_prop,443,,30,1,0,23,58,263,22,1,24,0.85440613,724,1,0,0,0.305555556,0,0,22.83333333,7,1.4,0
data_prop,444,,6,1,0,9,6,15,6,3,6,2,6,0,0,0,0.533333333,0,0,0,1,1,0
data_prop,445,,2,1,0,4,14,0,1,3,2,0,78,1,0,0,0.666666667,0,0,37.5,3,1.5,0
data_prop,446,,9,1,0,20,17,16,18,2,9,525,112,1,1,0,0.472222222,0,0,10.88888889,2,0.7778,0
data_prop,447,,6,2,0,12,9,9,12,0,4,0.857142857,91,0.428571429,5,0.764705882,0.4,1,1,13,1,0.6667,0
data_prop,448,,15,1,0,14,50,51,0,14,11,0.755102041,361,1,6,0,0.221428571,0,0,22.6,5,1.5333,0
data_prop,449,,5,2,0,8,8,6,7,1,3,875,79,0.333333333,5,0.8125,0.416666667,1,1,13.6,1,0.6,0
data_prop,450,,12,1,0,6,22,42,3,3,12,0.727272727,204,1,0,0,0.5,0,0,15.66666667,19,2.3333,0
data_prop,451,,10,1,0,1,14,21,0,1,10,0.740740741,109,1,1,0,0.32,1,1,9.6,7,1.5,1
data_prop,452,,6,1,0,22,35,3,15,7,2,0.533333333,186,1,0,0,0.333333333,0,0,29.5,4,1.3333,0
data_prop,453,,11,1,6,17,43,27,6,11,8,0.78,220,1,1,0,0.283333333,0,0,18.54545455,4,1.1818,0
data_prop,454,,13,1,0,3,18,26,3,0,13,0.75,134,1,0,0,0.512820513,0,0,8.923076923,1,0.8462,0
data_prop,455,,28,1,0,10,28,378,2,8,28,2,28,0,0,0,0.267857143,0,0,0,1,1,0
data_prop,456,,5,1,0,8,5,10,3,5,5,2,5,0,0,0,0.433333333,0,0,0,1,1,0
data_prop,457,,15,2,0,6,33,51,1,5,12,0.836734694,183,1,0,0.391304348,0.346666667,2,2,10.73333333,3,1.3333,0
data_prop,458,,4,1,0,11,20,4,4,7,2,0.666666667,111,1,0,0,0.5,0,0,26.5,3,1.25,0
data_prop,459,,4,1,0,8,21,0,1,7,2,1,168,1,1,0,0.4,0,0,39,3,1.5,0
data_prop,460,,6,1,0,2,7,3,2,0,5,0.8,35,1,0,0,0.555555556,0,0,4.333333333,1,0.6667,0
data_prop,461,,4,2,0,3,8,6,0,3,4,2,22,0,0,0.4,1,0,0,4.5,1,0.75,0
data_prop,462,,11,1,0,13,33,13,0,13,4,1,226,1,1,0,425,0,0,18.63636364,1,0.8182,0
data_prop,463,,6,2,0,18,41,7,1,17,2,0.666666667,216,1,0,0.791666667,0.366666667,1,3,34.5,5,2.3333,0
data_prop,464,,12,1,0,5,34,36,4,1,7,0.727272727,342,1,0,0,0.464285714,0,0,27.16666667,4,1.8333,0
data_prop,465,,40,1,0,37,143,484,0,37,37,0.891737892,814,1,8,0,0.115384615,0,0,19125,6,1.45,0
data_prop,466,,7,2,0,11,17,21,4,11,7,2,80,0,0,0.25,0.30952381,0,0,10.42857143,1,0.8571,0
data_prop,467,,2,1,0,2,2,1,2,0,2,2,2,0,0,0,875,0,0,0,1,1,0
data_prop,468,,1,1,0,4,1,0,2,2,1,2,1,0,0,0,1,0,0,0,1,1,0
data_prop,469,,3,1,0,1,3,3,1,0,3,2,3,0,0,0,1,0,0,0,1,1,0
data_prop,470,,10,1,0,11,36,25,3,8,7,0.388888889,284,1,2,0,475,0,0,27,6,2,0
data_prop,471,,30,1,0,23,58,263,22,1,24,0.85440613,724,1,0,0,0.305555556,0,0,22.83333333,7,1.4,0
data_prop,472,,3,5,0,24,6,3,23,1,2,1.5,16,1,0,1,0.666666667,0,0,4,0,0,0
data_prop,473,,7,2,0,7,17,21,1,7,7,2,73,0,0,0.25,0.428571429,0,0,9.428571429,2,1,0
data_prop,474,,3,1,0,3,22,3,1,2,3,2,66,0,0,0,0.333333333,0,0,21,2,1.3333,0
data_prop,475,,31,1,0,14,48,309,10,4,30,0.897619048,465,1,3,0,0.167741935,1,1,13.5483871,8,1.3871,0
data_prop,476,,13,1,0,8,13,78,3,5,13,2,13,0,0,0,0.384615385,0,0,0,1,1,0
data_prop,477,,4,1,0,0,8,0,0,0,4,0.333333333,23,1,0,0,625,0,0,4.5,1,0.75,0
data_prop,478,,5,1,0,9,31,8,1,8,2,1.1875,151,1,1,0,0.45,0,0,27.6,3,1.2,0
data_prop,479,,16,1,0,5,41,0,2,4,14,775,254,0.75,1,0,0.257142857,0,0,14375,3,1.5625,0
data_prop,480,,13,1,0,16,13,78,9,7,13,2,13,0,0,0,0.299145299,0,0,0,1,1,0
data_prop,481,,6,1,0,11,38,13,2,9,3,1.142857143,189,0.714285714,0,0,0.2,0,0,29.33333333,5,1.6667,0
data_prop,482,,7,1,0,4,9,11,4,0,7,0.777777778,39,1,0,0,0.357142857,0,0,4.142857143,1,0.8571,0
data_prop,483,,12,1,0,9,23,0,9,0,12,0.727272727,157,1,0,0,0.333333333,0,0,11.66666667,2,0.8333,0
data_prop,484,,4,2,0,5,12,6,2,5,1,1.333333333,37,0,0,0.75,0.35,1,1,8,1,0.75,0
data_prop,485,,6,1,0,9,6,15,6,3,6,2,6,0,0,0,0.533333333,0,0,0,1,1,0
data_prop,486,,4,2,0,6,15,2,0,6,4,0.777777778,57,1,1,625,0.4375,0,0,12.5,1,0.75,0
data_prop,487,,4,1,0,10,33,4,1,9,2,1.259259259,172,1,0,0,0.5,0,0,39.75,2,0.75,0
data_prop,488,,2,2,0,7,6,1,6,1,2,2,16,0,0,0.923076923,1,0,0,7,1,0.5,0
data_prop,489,,23,1,0,18,39,143,16,3,23,0.850649351,309,1,2,0,0.236024845,1,1,12.13043478,7,1.3478,1
data_prop,490,,3,1,15,17,5,1,15,2,3,0.5,17,1,0,0,0.666666667,0,0,4.333333333,1,0.6667,0
data_prop,491,,19,1,0,21,92,107,0,21,11,0.855555556,765,1,5,0,0.20242915,0,0,39,9,2.6316,0
data_prop,492,,10,1,0,11,37,21,0,11,7,0.8,190,1,4,0,0.24691358,0,0,17.5,3,1.1,0
data_prop,493,,5,1,0,12,40,8,1,11,2,1.1875,173,1,0,0,0.416666667,0,0,32,2,1,0
data_prop,494,,12,1,0,15,42,16,0,15,10,0.757575758,354,1,5,0,0.242424242,0,0,28,4,1.5,0
data_prop,495,,6,2,0,11,14,11,10,1,4,0.857142857,129,0.285714286,6,0.764705882,0.4,1,1,19.33333333,3,1,0
data_prop,496,,38,1,0,26,62,457,24,6,28,0.844594595,454,1,2,0,0.15,1,1,10.73684211,7,1.4737,1
data_prop,497,,11,1,1,9,41,9,1,8,2,0.7,214,1,1,0,0.23,0,0,18.09090909,4,1.7273,0
data_prop,498,,3,2,0,4,13,3,1,4,1,1.5,39,0,0,0.818181818,0.4,1,1,11,1,0.6667,0
data_prop,499,,15,1,0,17,32,53,16,2,14,875,211,1,0,0,0.266666667,1,1,12.53333333,7,1.4667,0
data_prop,500,,37,1,0,25,60,492,23,6,25,0.840277778,441,1,2,0,0.148648649,1,1,10.7027027,7,1.4865,1
data_prop,501,,10,1,0,3,14,0,3,0,9,0.694444444,164,1,0,0,0.5,1,1,15,13,2.3,0
data_prop,502,,29,4,0,13,59,406,0,13,29,1.035714286,229,1,0,0.582089552,0.262931034,0,0,6.862068966,1,0.9655,0
data_prop,503,,3,1,0,5,14,0,1,4,3,0.25,63,1,1,0,0.555555556,0,0,19.33333333,3,1.3333,0
data_prop,504,,2,2,0,4,9,1,2,4,1,2,30,0,0,0.9,625,1,1,13,1,0.5,0
data_prop,505,,2,2,0,4,10,1,0,4,2,2,30,0,0,0.666666667,0.75,0,0,14,2,1,0
data_prop,506,,3,2,0,6,16,3,0,6,2,1,237,1,0,0.714285714,0.5,0,0,74,2,1,0
data_prop,507,,14,2,0,14,29,91,8,14,14,2,135,0,0,0.133333333,0.295918367,0,0,8.642857143,1,0.9286,0
data_prop,508,,2,2,0,9,36,1,2,9,1,2,400,1,0,0.9,625,1,2,195.5,1,0.5,0
data_prop,509,,2,2,0,8,12,1,0,8,2,1.142857143,57,1,0,0.833333333,1,0,0,24,1,0.5,0
data_prop,510,,3,1,0,5,20,0,0,5,3,0.5,94,1,0,0,0.666666667,0,0,29.66666667,1,0.6667,0
data_prop,511,,6,1,0,9,6,15,7,2,6,2,6,0,0,0,0.466666667,0,0,0,1,1,0
data_prop,512,,7,1,0,7,7,21,5,2,7,2,7,0,0,0,0.380952381,0,0,0,1,1,0
data_prop,513,,3,1,0,9,31,3,1,8,3,2,75,0,0,0,0.333333333,0,0,24,1,0.6667,0
data_prop,514,,10,1,0,25,63,33,1,24,2,0.222222222,468,1,0,0,0.161616162,0,0,45.7,2,0.9,0
data_prop,515,,4,1,0,4,5,0,4,0,3,0.833333333,22,1,0,0,0.75,0,0,4,1,0.5,0
data_prop,516,,6,2,0,2,14,11,1,1,4,0.666666667,81,0.666666667,2,0.764705882,0.4,1,1,12,3,1,0
data_prop,517,,1,1,0,3,1,0,2,1,1,2,1,0,0,0,1,0,0,0,1,1,0
data_prop,518,,3,1,0,2,13,3,2,0,1,2,90,0,0,0,0.444444444,0,0,29,6,2.6667,0
data_prop,519,,6,2,0,4,14,11,3,1,4,875,141,0.25,7,0.764705882,0.4,1,1,21.16666667,3,1,0
data_prop,520,,1,1,0,0,2,0,0,0,1,2,11,0,0,0,1,0,0,3,0,0,0
data_prop,521,,5,1,0,9,5,10,8,1,5,2,5,0,0,0,0.44,0,0,0,1,1,0
data_prop,522,,2,1,0,5,2,1,3,2,2,2,2,0,0,0,0.583333333,0,0,0,1,1,0
data_prop,523,,11,1,0,2,15,37,1,1,11,0.85,109,1,1,0,0.242424242,1,1,8.545454545,7,1.5455,0
data_prop,524,,8,2,0,20,52,18,1,19,2,0.785714286,360,1,0,0.730769231,325,1,3,43.5,6,2.5,0
data_prop,525,,13,1,0,11,13,78,9,2,13,2,13,0,0,0,0.307692308,0,0,0,1,1,0
data_prop,526,,6,1,0,7,33,11,1,6,3,1.085714286,169,1,0,0,0.6,0,0,26,5,1.6667,0
data_prop,527,,21,1,0,34,154,142,0,34,17,805,1051,1,9,0,0.119047619,0,0,48.57142857,17,2.8095,0
data_prop,528,,9,1,0,8,17,0,8,0,8,625,115,1,0,0,0.311111111,1,1,11.44444444,6,1.3333,0
data_prop,529,,7,1,0,5,15,0,1,4,7,0.166666667,52,1,0,0,0.514285714,0,0,6.285714286,1,0.8571,0
data_prop,530,,12,1,0,45,16,40,45,0,10,0.818181818,119,1,0,0,0.3,1,1,8.583333333,7,1.4167,1
data_prop,531,,5,1,0,7,31,0,6,1,4,0.85,190,1,0,0,0.6,0,0,36,5,2.8,0
data_prop,532,,9,1,0,7,19,4,4,3,9,0.5,97,1,0,0,0.722222222,0,0,9.444444444,2,1,0
data_prop,533,,4,1,0,3,7,6,3,0,4,2,17,0,0,0,1,0,0,3.25,1,0.75,0
data_prop,534,,7,1,0,5,7,21,3,2,7,2,7,0,0,0,0.535714286,0,0,0,1,1,0
data_prop,535,,9,1,0,3,13,4,3,0,9,625,90,1,0,0,0.722222222,0,0,8.666666667,1,0.7778,0
data_prop,536,,9,1,0,21,43,20,0,21,8,0.854166667,252,1,5,0,0.204545455,0,0,26.33333333,5,1.5556,0
data_prop,537,,3,1,0,11,56,3,2,9,3,2,166,0,0,0,0.333333333,0,0,54.33333333,3,2,0
data_prop,538,,2,3,0,2,18,1,0,2,2,2,70,1,0,0.961538462,1,1,2,33.5,3,1.5,0
data_prop,539,,3,1,0,5,3,3,5,1,3,2,3,0,0,0,0.466666667,0,0,0,1,1,0
data_prop,540,,4,2,0,5,9,6,0,5,4,2,38,0,0,0.4,0.4,0,0,8.5,1,0.75,0
data_prop,541,,3,5,0,14,6,3,13,1,2,1.5,16,1,0,1,0.666666667,0,0,4,0,0,0
data_prop,542,,5,1,0,11,38,0,1,10,2,0.5,237,1,2,0,0.366666667,0,0,45.6,4,2.2,0
data_prop,543,,14,1,0,8,23,61,8,1,13,0.788461538,154,1,1,0,0.314285714,1,1,9.714285714,7,1.5,1
data_prop,544,,5,1,0,5,36,10,0,5,2,2,163,0,0,0,0.266666667,0,0,31.6,3,1.2,0
data_prop,545,,10,1,0,6,19,17,6,0,8,0.822222222,128,0.8,0,0,0.311111111,1,1,11.3,5,1.3,0
data_prop,546,,12,1,0,19,51,18,14,7,7,0.727272727,255,1,0,0,0.327272727,0,0,19.91666667,5,1.5833,1
data_prop,547,,4,3,0,4,35,6,0,4,3,1.333333333,205,1,0,0.892857143,0.45,3,3,50,1,0.75,0
data_prop,548,,3,3,0,3,4,1,2,1,3,1,15,1,0,0.964912281,0.666666667,0,0,3.333333333,1,0.6667,0
data_prop,549,,9,1,0,6,29,26,1,5,3,0.6875,200,1,2,0,0.291666667,0,0,20.77777778,3,1.6667,0
data_prop,550,,10,1,0,11,54,37,1,10,5,0.555555556,449,1,2,0,375,0,0,43.7,9,2.6,0
data_prop,551,,6,1,0,7,6,15,5,2,6,2,6,0,0,0,0.416666667,0,0,0,1,1,0
data_prop,552,,3,1,0,18,30,0,1,17,2,0.25,185,1,4,0,0.466666667,0,0,59.33333333,8,3.3333,0
data_prop,553,,17,1,0,4,30,24,3,1,16,0.758928571,331,1,1,0,0.317647059,1,1,18.05882353,22,2.5882,0
data_prop,554,,1,1,0,3,1,0,2,1,1,2,1,0,0,0,1,0,0,0,1,1,0
data_prop,555,,3,2,0,14,28,0,2,12,2,0.5,155,1,0,0.9,625,1,1,49.33333333,2,0.6667,0
data_prop,556,,3,1,0,4,3,3,3,1,3,2,3,0,0,0,0.666666667,0,0,0,1,1,0
data_prop,557,,8,1,0,9,9,14,8,1,7,0.857142857,46,1,1,0,0.458333333,0,0,4.25,1,0.75,0
data_prop,558,,6,2,0,8,20,15,0,8,6,2,83,0,0,0.285714286,0.833333333,0,0,12.83333333,2,1.1667,0
data_prop,559,,11,1,0,9,60,55,4,5,3,1.1,540,0.954545455,0,0,0.340909091,0,0,46.09090909,5,2.4545,0
data_prop,560,,4,2,0,7,10,6,1,7,4,2,29,0,0,0.4,0.4,0,0,6.25,1,0.75,0
data_prop,561,,5,1,0,2,6,4,2,0,5,0.75,31,1,0,0,0.466666667,0,0,4.6,1,0.8,0
data_prop,562,,31,1,0,12,43,331,9,3,31,0.902564103,370,1,3,0,0.167741935,1,1,10.51612903,7,1.1935,1
data_prop,563,,1,1,0,8,1,0,8,0,1,2,1,0,0,0,1,0,0,0,1,1,0
data_prop,564,,5,2,0,7,8,6,6,1,3,0.892857143,91,0.285714286,6,0.8125,0.416666667,1,1,15.8,1,0.6,0
data_prop,565,,9,1,0,14,30,0,11,3,9,0.45,141,1,2,0,0.62962963,0,0,14.11111111,2,1.1111,0
data_prop,566,,8,1,0,6,8,28,5,1,8,2,8,0,0,0,0.4,0,0,0,1,1,0
data_prop,567,,6,1,0,10,30,9,4,6,4,0.2,226,1,0,0,0.65,0,0,36.5,4,1.8333,0
data_prop,568,,20,1,0,10,28,110,9,1,20,0.877192982,204,1,0,0,0.258333333,1,1,8.75,12,1.5,0
data_prop,569,,4,2,0,6,10,6,1,6,4,2,27,0,0,0.4,0.583333333,0,0,5.75,1,0.75,0
data_prop,570,,17,1,0,50,25,88,48,2,15,0.854166667,163,1,2,0,0.205882353,1,1,8.235294118,7,1.2941,1
data_prop,571,,7,1,0,6,7,21,4,2,7,2,7,0,0,0,0.5,0,0,0,1,1,0
data_prop,572,,1,1,0,0,2,0,0,0,0,2,13,0,0,0,1,0,0,3,0,0,0
data_prop,573,,7,1,0,24,60,13,0,24,4,1.075757576,337,1,1,0,0.416666667,0,0,45.57142857,3,1.4286,0
data_prop,574,,4,1,0,0,5,0,0,0,4,1,23,0.333333333,0,0,0.75,0,0,4,1,0.5,0
data_prop,575,,11,1,0,12,43,25,1,11,8,0.714285714,411,1,0,0,0.44,0,0,35.72727273,5,1.5455,0
data_prop,576,,15,1,0,10,19,83,8,2,15,0.904761905,129,1,2,0,0.20952381,1,1,7.2,7,1.4,1
data_prop,577,,6,2,0,22,37,13,2,21,2,0.6,157,1,0,0.791666667,0.366666667,1,3,25,4,1.8333,0
data_prop,578,,23,1,0,12,44,69,6,7,23,0.754545455,215,1,3,0,0.168478261,0,0,8.130434783,7,1.4348,0
data_prop,579,,6,2,0,21,49,0,1,20,2,0.64,274,1,1,0.791666667,0.333333333,1,3,43.83333333,5,2.1667,0
data_prop,580,,10,1,0,20,48,41,1,19,4,1.090909091,298,1,1,0,0.314814815,0,0,26.6,3,1.2,0
data_prop,581,,4,1,0,12,35,4,1,12,2,1.083333333,271,1,0,0,0.466666667,0,0,65.75,9,3,0
data_prop,582,,11,1,0,7,22,17,7,0,10,0.814285714,150,1,0,0,0.424242424,0,0,12,3,1,0
data_prop,583,,4,1,0,10,32,4,1,9,2,1.3,241,1,1,0,0.4375,0,0,54.25,3,1.75,0
data_prop,584,,9,1,0,23,42,36,14,9,8,2,207,0,0,0,0.351851852,0,0,22,7,1.5556,0
data_prop,585,,8,1,0,10,8,28,8,2,8,2,8,0,0,0,0.5,0,0,0,1,1,0
data_prop,586,,5,1,0,16,15,10,15,1,4,2,89,0,0,0,0.266666667,0,0,16.8,3,1.2,0
data_prop,587,,2,2,0,7,12,1,0,7,2,1,125,1,0,0.833333333,1,0,0,58.5,1,0.5,0
data_prop,588,,6,2,0,24,55,0,2,23,2,0.64,291,1,1,0.791666667,0.333333333,1,3,46.66666667,5,2.3333,0
data_prop,589,,17,1,0,19,78,130,4,15,6,0.854166667,574,1,3,0,0.229411765,0,0,32.58823529,8,2.7059,0
data_prop,590,,9,1,0,1,11,24,1,0,9,0.9,50,1,0,0,0.481481481,0,0,4,1,0.8889,0
data_prop,591,,4,1,0,5,18,4,1,4,2,1.142857143,128,1,2,0,0.5,0,0,29.25,2,1.25,0
data_prop,592,,5,1,0,4,5,10,3,1,5,2,5,0,0,0,0.9,0,0,0,1,1,0
data_prop,593,,15,1,0,11,38,41,0,11,15,0.821428571,185,1,6,0,0.193333333,0,0,10.93333333,5,1.2667,0
data_prop,594,,2,2,0,7,11,1,0,7,2,1,46,1,0,0.833333333,1,0,0,20.5,1,0.5,0
data_prop,595,,35,1,0,15,80,401,7,11,34,0.893048128,563,1,1,0,0.142857143,1,1,14.77142857,5,1.3429,0
data_prop,596,,6,1,0,31,19,3,26,5,4,0.2,78,1,1,0,0.25,0,0,11.66666667,4,1.5,0
data_prop,597,,6,1,0,1,13,15,1,0,5,2,385,0,0,0,0.458333333,0,0,63.16666667,47,9,0
data_prop,598,,32,1,0,29,64,238,24,5,32,0.861290323,475,1,3,0,0.139204545,0,0,13.53125,4,1.0625,0
data_prop,599,,11,1,0,7,54,31,0,7,6,775,297,1,0,0,225,0,0,25.63636364,7,1.6364,0
data_prop,600,,25,1,0,25,65,222,0,25,25,0.927083333,352,1,11,0,0.124705882,0,0,12.6,4,1.24,0
data_prop,601,,26,1,0,6,36,289,4,2,26,0.945454545,198,1,0,0,0.214285714,1,1,6.192307692,7,1.2692,0
data_prop,602,,2,2,0,8,12,1,0,8,2,1,56,1,0,0.833333333,1,0,0,24,1,0.5,0
data_prop,603,,3,1,0,4,3,3,2,2,3,2,3,0,0,0,0.466666667,0,0,0,1,1,0
data_prop,604,,7,1,0,8,7,21,6,2,7,2,7,0,0,0,0.306122449,0,0,0,1,1,0
data_prop,605,,2,2,0,4,9,1,2,4,1,2,33,0,0,0.9,625,1,1,14.5,1,0.5,0
data_prop,606,,11,1,0,8,26,5,5,3,11,0.7,177,1,1,0,0.290909091,0,0,14.81818182,2,1.2727,0
data_prop,607,,6,2,0,2,14,11,1,1,4,0.8,105,0.4,4,0.764705882,0.4,1,1,15.66666667,3,1,0
data_prop,608,,6,2,0,2,14,11,1,1,4,0.8,105,0.4,4,0.764705882,0.4,1,1,15.66666667,3,1,0
data_prop,609,,4,1,0,18,43,4,1,17,3,0.666666667,219,1,1,0,375,0,0,53.5,4,1.5,0
data_prop,610,,6,2,0,2,14,11,1,1,4,0.833333333,117,0.333333333,5,0.764705882,0.4,1,1,17.5,3,1,0
data_prop,611,,4,1,0,5,4,6,5,0,4,2,4,0,0,0,0.833333333,0,0,0,1,1,0
data_prop,612,,21,1,6,39,76,182,8,31,4,0.95625,495,1,4,0,0.111111111,0,0,21.80952381,2,1.0952,0
data_prop,613,,6,1,0,4,13,15,2,2,5,2,84,0,0,0,0.5,0,0,13,1,0.8333,0
data_prop,614,,5,4,2,11,8,8,11,0,4,1,26,1,0,0.894736842,0.6,0,0,3.8,1,0.4,0
data_prop,615,,2,4,0,15,43,0,1,14,2,0.666666667,402,1,0,0.996168582,0.555555556,2,3,198.5,17,8.5,0
data_prop,616,,2,1,0,3,9,1,0,3,1,1,26,0,1,0,1,0,0,11.5,0,0,0
data_prop,617,,11,1,0,2,12,31,2,0,10,0.86,64,1,0,0,0.681818182,0,0,4.363636364,1,0.8182,0
data_prop,618,,9,1,0,2,11,24,2,0,9,0.84375,49,1,0,0,0.481481481,0,0,4,1,0.8889,0
data_prop,619,,5,3,0,8,31,10,0,8,3,1.25,135,1,0,0.862068966,0.4,2,2,25.8,1,0.8,0
data_prop,620,,15,1,0,3,21,63,3,1,15,0.828571429,152,1,1,0,0.238095238,1,1,8.8,7,1.4,1
data_prop,621,,13,1,0,13,44,60,1,12,10,0.763888889,297,1,6,0,0.185897436,0,0,21.38461538,6,1.7692,0
data_prop,622,,20,1,0,6,42,118,4,3,20,0.810526316,264,1,1,0,0.188888889,1,1,11.95,7,1.45,1
data_prop,623,,5,1,0,7,21,6,1,6,4,1.0625,134,1,3,0,0.533333333,0,0,24.2,3,1.2,0
data_prop,624,,2,2,0,7,11,1,0,7,2,1,35,1,0,0.833333333,1,0,0,16,1,0.5,0
data_prop,625,,1,1,0,2,1,0,2,0,1,2,1,0,0,0,1,0,0,0,1,1,0
data_prop,626,,2,2,0,4,5,1,0,4,2,2,11,0,0,0.666666667,0.75,0,0,4.5,1,0.5,0
data_prop,627,,6,1,0,6,6,15,4,2,6,2,6,0,0,0,0.333333333,0,0,0,1,1,0
data_prop,628,,2,1,0,3,2,1,2,1,2,2,2,0,0,0,0.75,0,0,0,1,1,0
data_prop,629,,17,1,0,39,78,122,1,38,10,0.916666667,380,1,7,0,0.140522876,0,0,20.82352941,3,1.2941,0
data_prop,630,,10,1,0,1,23,9,1,0,9,0.755555556,155,1,0,0,0.65,0,0,14,3,1,0
data_prop,631,,6,1,0,11,7,7,10,1,5,0.88,41,1,1,0,375,0,0,5,1,0.6667,0
data_prop,632,,2,1,0,1,4,1,0,1,2,2,9,0,0,0,1,0,0,3.5,1,0.5,0
data_prop,633,,9,1,0,6,18,0,6,0,9,0.59375,131,1,0,0,0.388888889,1,1,13.11111111,8,2,0
data_prop,634,,5,1,4,4,9,0,4,0,4,375,35,1,0,0,0.6,0,0,5.6,1,0.8,0
data_prop,635,,15,1,0,10,23,69,10,0,15,0.785714286,213,1,0,0,0.366666667,1,1,12.86666667,7,1.7333,1
data_prop,636,,28,1,0,8,28,378,1,7,28,2,28,0,0,0,0.349206349,0,0,0,1,1,0
data_prop,637,,12,1,0,9,35,66,0,9,12,2,156,0,0,0,0.297619048,1,1,12,1,0.9167,0
data_prop,638,,28,1,0,11,28,378,1,10,28,2,28,0,0,0,0.267857143,0,0,0,1,1,0
data_prop,639,,3,1,0,3,3,3,1,2,3,2,3,0,0,0,0.466666667,0,0,0,1,1,0
data_prop,640,,4,1,0,6,4,6,5,1,4,2,4,0,0,0,0.6875,0,0,0,1,1,0
data_prop,641,,27,1,0,37,111,267,0,37,24,0.903846154,645,1,10,0,0.117307692,0,0,22.44444444,4,1.4074,0
data_prop,642,,12,1,0,8,14,30,7,1,12,0.848484848,88,1,1,0,0.3,0,0,5.833333333,1,0.8333,0
data_prop,643,,9,1,0,5,13,20,4,1,9,0.791666667,99,1,1,0,0.288888889,1,1,9.666666667,7,1.6667,0
data_prop,644,,3,1,0,9,26,3,1,8,3,2,138,0,0,0,0.5,0,0,45,5,2.3333,0
data_prop,645,,9,2,0,10,20,36,5,10,9,2,80,0,0,0.2,0.377777778,0,0,7.888888889,1,0.8889,0
data_prop,646,,6,2,0,7,15,15,2,7,6,2,46,0,0,0.285714286,0.4,0,0,6.666666667,1,0.8333,0
data_prop,647,,6,1,0,5,29,11,2,4,4,0.6,169,0,0,0,0.4,0,0,26.66666667,4,1.5,0
data_prop,648,,6,1,0,3,31,1,1,2,3,0.5,203,1,1,0,0.333333333,0,0,32.5,3,1.3333,0
data_prop,649,,29,1,0,11,50,180,10,1,26,0.726190476,418,1,0,0,0.226600985,1,1,13.20689655,7,1.2759,0
